name,Employees,difficulty,requirements
프로젝트 목표와 범위 설정 초기,"ProjectManager, BusinessOperator",4,
프로젝트 목표와 범위 설정 후기,ProjectManager,4,
일정과 예산 계획 수립 초기,"ProjectManager, ProductManager",3,프로젝트 목표와 범위 설정
일정과 예산 계획 수립 후기,"ProjectManager, ProductManager",4,프로젝트 목표와 범위 설정
팀 구성 및 역할 할당 초기,ProductManager,3,프로젝트 목표와 범위 설정
팀 구성 및 역할 할당 후기,ProductManager,4,프로젝트 목표와 범위 설정
프로젝트 킥오프 미팅 주최 초기,"ProjectManager, BusinessOperator",4,"프로젝트 목표와 범위 설정, 팀 구성 및 역할 할당"
프로젝트 킥오프 미팅 주최 후기,"ProjectManager, BusinessOperator",5,"프로젝트 목표와 범위 설정, 팀 구성 및 역할 할당"
서비스 수익 분석 초기,ProductManager,4,"프로젝트 목표와 범위 설정, 일정과 예산 계획 수립, 팀 구성 및 역할 할당"
서비스 수익 분석 후기,ProductManager,5,"프로젝트 목표와 범위 설정, 일정과 예산 계획 수립, 팀 구성 및 역할 할당"
시장 조사 및 경쟁 분석 초기,ProductManager,4,"프로젝트 목표와 범위 설정, 일정과 예산 계획 수립, 팀 구성 및 역할 할당"
시장 조사 및 경쟁 분석 후기,BusinessOperator,5,"프로젝트 목표와 범위 설정, 일정과 예산 계획 수립, 팀 구성 및 역할 할당"
사용자 요구사항 수집 및 분석 후기,"ProductManager, BusinessOperator",4,시장 조사 및 경쟁 분석 초기
제품 비전과 전략 수립 초기,"BusinessOperator, ProductManager",4,"서비스 수익 분석, 시장 조사 및 경쟁 분석"
제품 비전과 전략 수립 후기,"BusinessOperator, ProductManager",3,"서비스 수익 분석, 시장 조사 및 경쟁 분석"
MVP 정의 초기,Developer,4,제품 비전과 전략 수립
MVP 정의 후기,Developer,3,제품 비전과 전략 수립
비즈니스 요구사항 분석 초기,"ProductManager, BusinessOperator",4,"서비스 수익 분석, 시장 조사 및 경쟁 분석, 제품 비전과 전략 수립"
비즈니스 요구사항 분석 후기,"ProductManager, BusinessOperator",3,"서비스 수익 분석, 시장 조사 및 경쟁 분석, 제품 비전과 전략 수립"
이해관계자 인터뷰 및 요구사항 문서화 초기,"ProjectManager, BusinessOperator",5,비즈니스 요구사항 분석
이해관계자 인터뷰 및 요구사항 문서화 후기,"ProjectManager, BusinessOperator",4,비즈니스 요구사항 분석
비즈니스 프로세스 정의 초기,BusinessOperator,4,비즈니스 요구사항 분석
비즈니스 프로세스 정의 후기,BusinessOperator,3,비즈니스 요구사항 분석
기술 스택 선정 초기,TechLead,2,비즈니스 요구사항 분석
기술 스택 선정 후기,TechLead,4,비즈니스 요구사항 분석
시스템 아키텍처 설계 초기,"Developer, TechLead",2,기술 스택 선정
시스템 아키텍처 설계 후기,"Developer, TechLead",2,기술 스택 선정
UI 개발 초기,Designer,2,비즈니스 프로세스 정의
UI 개발 후기,Designer,2,비즈니스 프로세스 정의
UX 디자인 초기,Designer,2,비즈니스 프로세스 정의
UX 디자인 후기,Designer,2,비즈니스 프로세스 정의
프로토타입 개발 초기,Developer,1,"시스템 아키텍처 설계, UI 개발, UX 디자인"
프로토타입 개발 후기,Developer,2,"시스템 아키텍처 설계, UI 개발, UX 디자인"
반응형 디자인 초기,"Developer, Designer",4,UX 디자인
반응형 디자인 후기,"Developer, Designer",2,UX 디자인
HTML 작성 초기,Developer,3,UI 개발
HTML 작성 후기,Developer,4,UI 개발
CSS 작성 초기,Developer,3,UI 개발
CSS 작성 후기,Developer,3,UI 개발
JavaScript 작성 초기,Developer,2,HTML 작성
JavaScript 작성 후기,Developer,3,HTML 작성
컴포넌트 개발 초기,Developer,2,JavaScript 작성
컴포넌트 개발 후기,Developer,4,JavaScript 작성
상태 관리 초기,Developer,3,컴포넌트 개발
상태 관리 후기,Developer,4,컴포넌트 개발
API 연동 초기,Developer,3,상태 관리
API 연동 후기,Developer,4,상태 관리
라우팅 초기,Developer,3,API 연동
라우팅 후기,Developer,4,API 연동
애니메이션 초기,"Designer, Developer",3,컴포넌트 개발
애니메이션 후기,"Developer, Designer",3,컴포넌트 개발
빌드 도구 설정 초기,Developer,4,시스템 아키텍처 설계
빌드 도구 설정 후기,Developer,3,시스템 아키텍처 설계
모바일 최적화 초기,Developer,4,반응형 디자인
모바일 최적화 후기,Developer,3,반응형 디자인
접근성 개선 초기,Developer,4,모바일 최적화
접근성 개선 후기,Developer,4,모바일 최적화
브라우저 호환성 초기,Developer,5,접근성 개선
브라우저 호환성 후기,Developer,4,접근성 개선
테스트 작성 초기,Developer,4,API 연동
테스트 작성 후기,Developer,4,API 연동
단위 테스트 초기,Developer,4,테스트 작성
단위 테스트 후기,Developer,4,테스트 작성
통합 테스트 초기,Developer,5,단위 테스트
통합 테스트 후기,Developer,4,단위 테스트
버그 수정 초기,Developer,2,테스트 작성
버그 수정 후기,Developer,4,테스트 작성
성능 최적화 초기,Developer,3,단위 테스트
성능 최적화 후기,Developer,4,단위 테스트
코드 리뷰 초기,"Developer, TechLead",3,통합 테스트
코드 리뷰 후기,"Developer, TechLead",4,통합 테스트
지속적인 통합 초기,Developer,3,코드 리뷰
지속적인 통합 후기,Developer,4,코드 리뷰
코드 리팩토링 초기,"Developer, TechLead",3,코드 리뷰
코드 리팩토링 후기,"Developer, TechLead",4,코드 리뷰
모듈 번들링 초기,Developer,3,"코드 리팩토링, 빌드 도구 설정"
모듈 번들링 후기,Developer,4,"코드 리팩토링, 빌드 도구 설정"
RESTful API 초기,Developer,4,API 연동
RESTful API 후기,Developer,4,API 연동
웹 소켓 초기,Developer,4,RESTful API
웹 소켓 후기,Developer,5,RESTful API
UI 라이브러리 사용 초기,Developer,3,"UI 개발, 프로토타입 개발"
UI 라이브러리 사용 후기,Developer,4,"UI 개발, 프로토타입 개발"
디자인 시스템 구현 초기,Developer,3,UI 라이브러리 사용
디자인 시스템 구현 후기,Developer,4,UI 라이브러리 사용
프레임워크 사용 초기,Developer,3,"기술 스택 선정, 시스템 아키텍처 설계"
프레임워크 사용 후기,Developer,4,"기술 스택 선정, 시스템 아키텍처 설계"
프론트엔드 아키텍처 설계 초기,Developer,3,시스템 아키텍처 설계
프론트엔드 아키텍처 설계 후기,Developer,3,시스템 아키텍처 설계
웹 보안 초기,Developer,2,"시스템 아키텍처 설계, API 연동"
웹 보안 후기,Developer,4,"시스템 아키텍처 설계, API 연동"
서비스 워커 초기,Developer,3,"웹 보안, RESTful API"
서비스 워커 후기,Developer,5,"웹 보안, RESTful API"
이미지 최적화 초기,Developer,4,UI 개발
이미지 최적화 후기,Developer,4,UI 개발
폰트 최적화 초기,"Developer, Designer",4,UI 개발
폰트 최적화 후기,"Developer, Designer",4,UI 개발
프레임워크 업데이트 초기,Developer,3,프레임워크 사용
프레임워크 업데이트 후기,Developer,4,프레임워크 사용
상태 관리 라이브러리 사용 초기,Developer,3,"상태 관리, 컴포넌트 개발"
상태 관리 라이브러리 사용 후기,Developer,4,"상태 관리, 컴포넌트 개발"
데이터 시각화 초기,Developer,3,"상태 관리 라이브러리 사용, API 연동"
데이터 시각화 후기,Developer,4,"상태 관리 라이브러리 사용, API 연동"
웹 접근성 테스트 초기,Developer,4,"접근성 개선, 테스트 작성"
웹 접근성 테스트 후기,Developer,3,"접근성 개선, 테스트 작성"
브라우저 개발자 도구 사용 초기,Developer,3,테스트 작성
브라우저 개발자 도구 사용 후기,Developer,4,테스트 작성
릴리스 노트 작성 초기,Developer,3,"브라우저 개발자 도구 사용, 코드 리뷰"
릴리스 노트 작성 후기,Developer,4,"브라우저 개발자 도구 사용, 코드 리뷰"
사용자 피드백 반영 초기,"ProjectManager, Designer",4,UI 개발
사용자 피드백 반영 후기,"ProjectManager, Designer",4,UI 개발
서버 로직 초기,"Developer, TechLead",3,"시스템 아키텍처 설계, 기술 스택 선정"
서버 로직 후기,"Developer, TechLead",1,"시스템 아키텍처 설계, 기술 스택 선정"
데이터베이스 설계 초기,Developer,2,서버 로직
데이터베이스 설계 후기,Developer,3,서버 로직
데이터베이스 구현 초기,Developer,1,데이터베이스 설계
데이터베이스 구현 후기,Developer,4,데이터베이스 설계
사용자 인증 초기,Developer,3,"데이터베이스 설계, API 연동"
사용자 인증 후기,Developer,4,"데이터베이스 설계, API 연동"
권한 관리 초기,Developer,3,"사용자 인증, 서버 로직"
권한 관리 후기,Developer,3,"사용자 인증, 서버 로직"
데이터 모델링 초기,"Developer, DevOpsEngineer",2,데이터베이스 구현
데이터 모델링 후기,Developer,1,데이터베이스 구현
데이터 마이그레이션 초기,Developer,2,"데이터 모델링, 데이터베이스 구현"
데이터 마이그레이션 후기,"Developer, DevOpsEngineer",2,"데이터 모델링, 데이터베이스 구현"
캐시 관리 초기,"Developer, DevOpsEngineer",1,"서버 로직, 데이터베이스 구현"
캐시 관리 후기,"Developer, DevOpsEngineer",3,"서버 로직, 데이터베이스 구현"
로드 밸런싱 초기,"Developer, DevOpsEngineer",1,"캐시 관리, 서버 로직"
로드 밸런싱 후기,"Developer, DevOpsEngineer",4,"캐시 관리, 서버 로직"
API 문서화 초기,Developer,4,"RESTful API, 서버 로직"
API 문서화 후기,Developer,4,"RESTful API, 서버 로직"
로그 관리 초기,"Developer, DevOpsEngineer",3,"API 문서화, 서버 로직"
로그 관리 후기,"TechLead, Developer",4,"API 문서화, 서버 로직"
에러 처리 초기,"TechLead, Developer",3,"로그 관리, 서버 로직"
에러 처리 후기,Developer,4,"로그 관리, 서버 로직"
데이터 백업 초기,Developer,4,"데이터베이스 설계, 서버 로직"
데이터 백업 후기,"Developer, DevOpsEngineer",3,"데이터베이스 설계, 서버 로직"
데이터 복구 초기,"Developer, DevOpsEngineer",3,"데이터 백업, 서버 로직"
데이터 복구 후기,"Developer, DevOpsEngineer",4,"데이터 백업, 서버 로직"
애플리케이션 모니터링 초기,"Developer, DevOpsEngineer",3,"서버 로직, 로그 관리"
애플리케이션 모니터링 후기,"Developer, DevOpsEngineer",4,"서버 로직, 로그 관리"
아키텍처 설계 초기,"Developer, DevOpsEngineer",3,"시스템 아키텍처 설계, 기술 스택 선정"
아키텍처 설계 후기,Developer,4,"시스템 아키텍처 설계, 기술 스택 선정"
RESTful 서비스 초기,Developer,3,"아키텍처 설계, API 연동"
RESTful 서비스 후기,"Developer, DevOpsEngineer",4,"아키텍처 설계, API 연동"
마이크로서비스 초기,Developer,2,아키텍처 설계
마이크로서비스 후기,Developer,3,아키텍처 설계
컨테이너 관리 초기,"Developer, DevOpsEngineer",4,데이터베이스 구현
컨테이너 관리 후기,Developer,5,데이터베이스 구현
쿠버네티스 관리 초기,Developer,4,"컨테이너 관리, 마이크로서비스"
쿠버네티스 관리 후기,Developer,4,"컨테이너 관리, 마이크로서비스"
클라우드 서비스 초기,Developer,3,"쿠버네티스 관리, 컨테이너 관리"
클라우드 서비스 후기,Developer,4,"쿠버네티스 관리, 컨테이너 관리"
API 게이트웨이 초기,Developer,5,"클라우드 서비스, RESTful 서비스"
API 게이트웨이 후기,Developer,4,"클라우드 서비스, RESTful 서비스"
서비스 메시 초기,"Developer, ProductManager",3,"API 게이트웨이, 마이크로서비스"
서비스 메시 후기,Developer,4,"API 게이트웨이, 마이크로서비스"
세션 관리 초기,Developer,4,"서버 로직, 데이터베이스 구현"
세션 관리 후기,"Developer, TechLead",4,"서버 로직, 데이터베이스 구현"
쿠키 관리 초기,"Developer, TechLead",3,"세션 관리, 사용자 인증"
쿠키 관리 후기,Developer,4,"세션 관리, 사용자 인증"
파일 스토리지 초기,Developer,4,"서버 로직, 데이터베이스 구현"
파일 스토리지 후기,Developer,3,"서버 로직, 데이터베이스 구현"
데이터 분석 초기,Developer,4,"데이터 시각화, 데이터베이스 구현"
데이터 분석 후기,Developer,3,"데이터 시각화, 데이터베이스 구현"
메시지 큐 초기,Developer,4,"서버 로직, 클라우드 서비스"
메시지 큐 후기,Developer,3,"서버 로직, 클라우드 서비스"
이벤트 드리븐 아키텍처 초기,Developer,4,"메시지 큐, 서버 로직"
이벤트 드리븐 아키텍처 후기,Developer,3,"메시지 큐, 서버 로직"
서비스 오케스트레이션 초기,DevOpsEngineer,3,"마이크로서비스, RESTful 서비스"
서비스 오케스트레이션 후기,DevOpsEngineer,4,"마이크로서비스, RESTful 서비스"
서버 클러스터링 초기,DevOpsEngineer,4,"서비스 오케스트레이션, 클라우드 서비스"
서버 클러스터링 후기,DevOpsEngineer,3,"서비스 오케스트레이션, 클라우드 서비스"
네트워크 프로그래밍 초기,DevOpsEngineer,4,"서버 클러스터링, RESTful 서비스"
네트워크 프로그래밍 후기,DevOpsEngineer,3,"서버 클러스터링, RESTful 서비스"
멀티스레딩 초기,Developer,4,"서버 로직, 네트워크 프로그래밍"
멀티스레딩 후기,"ProjectManager, ProductManager",3,"서버 로직, 네트워크 프로그래밍"
비동기 프로그래밍 초기,Developer,3,"멀티스레딩, 서버 로직"
비동기 프로그래밍 후기,Developer,4,"멀티스레딩, 서버 로직"
데이터 캐싱 초기,Developer,4,"비동기 프로그래밍, 캐시 관리"
데이터 캐싱 후기,Developer,4,"비동기 프로그래밍, 캐시 관리"
미들웨어 통합 초기,Developer,4,"RESTful 서비스, API 연동"
미들웨어 통합 후기,Developer,4,"RESTful 서비스, API 연동"
CI/CD 파이프라인 구축 초기,DevOpsEngineer,4,"서버 로직, 코드 리뷰"
CI/CD 파이프라인 구축 후기,DevOpsEngineer,3,"서버 로직, 코드 리뷰"
개발 환경 설정 및 자동화 초기,DevOpsEngineer,4,"CI/CD 파이프라인 구축, 빌드 도구 설정"
개발 환경 설정 및 자동화 후기,DevOpsEngineer,2,"CI/CD 파이프라인 구축, 빌드 도구 설정"
서버 인프라 설정 초기,DevOpsEngineer,4,"서버 클러스터링, 클라우드 서비스"
서버 인프라 설정 후기,DevOpsEngineer,3,"서버 클러스터링, 클라우드 서비스"
모니터링 시스템 구축 초기,DevOpsEngineer,2,"애플리케이션 모니터링, 서버 인프라 설정"
모니터링 시스템 구축 후기,DevOpsEngineer,3,"애플리케이션 모니터링, 서버 인프라 설정"
배포 계획 수립 및 실행 초기,DevOpsEngineer,3,"CI/CD 파이프라인 구축, 코드 리뷰"
배포 계획 수립 및 실행 후기,DevOpsEngineer,4,"CI/CD 파이프라인 구축, 코드 리뷰"
서버 모니터링 및 유지보수 초기,"DevOpsEngineer, Developer",4,"모니터링 시스템 구축, 애플리케이션 모니터링"
서버 모니터링 및 유지보수 후기,"DevOpsEngineer, Developer",3,"모니터링 시스템 구축, 애플리케이션 모니터링"
배포 후 문제 해결 초기,DevOpsEngineer,3,"서버 모니터링 및 유지보수, 배포 계획 수립 및 실행"
배포 후 문제 해결 후기,DevOpsEngineer,4,"서버 모니터링 및 유지보수, 배포 계획 수립 및 실행"